"","Ga","Method"
"1",1.71468952301228,"SP(0.5)"
"2",1.324909899675,"SP(0.5)"
"3",1.43090747522683,"SP(0.5)"
"4",1.74756860524922,"SP(0.5)"
"5",1.54252638835902,"SP(0.5)"
"6",1.81305158479555,"SP(0.5)"
"7",1.96548692208526,"SP(0.5)"
"8",1.53351659240251,"SP(0.5)"
"9",1.40590020241152,"SP(0.5)"
"10",1.76176384934295,"SP(0.5)"
"11",1.74205882166227,"SP(0.5)"
"12",1.22568676903857,"SP(0.5)"
"13",1.61351981165292,"SP(0.5)"
"14",1.36051683361863,"SP(0.5)"
"15",1.58024866879874,"SP(0.5)"
"16",1.12653123393427,"SP(0.5)"
"17",1.48588294252257,"SP(0.5)"
"18",1.46936850008128,"SP(0.5)"
"19",1.82798394518737,"SP(0.5)"
"20",1.8139521243494,"SP(0.5)"
"21",1.38771205690896,"SP(0.5)"
"22",1.75407106323983,"SP(0.5)"
"23",1.57221680714308,"SP(0.5)"
"24",1.60120537815682,"SP(0.5)"
"25",1.54203809732959,"SP(0.5)"
"26",1.26057976236548,"SP(0.5)"
"27",1.63413932451785,"SP(0.5)"
"28",1.85025606864205,"SP(0.5)"
"29",1.54709098740312,"SP(0.5)"
"30",1.62786635022306,"SP(0.5)"
"31",1.45782771910157,"SP(0.5)"
"32",1.35784122961544,"SP(0.5)"
"33",1.55563945009258,"SP(0.5)"
"34",1.38984635605939,"SP(0.5)"
"35",1.43349960747134,"SP(0.5)"
"36",1.38976776060127,"SP(0.5)"
"37",1.26759469268343,"SP(0.5)"
"38",1.95294823190244,"SP(0.5)"
"39",1.35854842262595,"SP(0.5)"
"40",1.59236848528343,"SP(0.5)"
"41",1.56053141542022,"SP(0.5)"
"42",1.69446452247282,"SP(0.5)"
"43",1.45876180442326,"SP(0.5)"
"44",1.96034708401103,"SP(0.5)"
"45",1.31722793660867,"SP(0.5)"
"46",1.73400863430781,"SP(0.5)"
"47",1.51289391291163,"SP(0.5)"
"48",1.48902698381399,"SP(0.5)"
"49",1.31473472267063,"SP(0.5)"
"50",1.39212677985203,"SP(0.5)"
"51",1.61325783739279,"SP(0.5)"
"52",1.71541066466006,"SP(0.5)"
"53",1.70201750883821,"SP(0.5)"
"54",1.53104318877562,"SP(0.5)"
"55",1.66006448665658,"SP(0.5)"
"56",1.61823882347925,"SP(0.5)"
"57",1.6246773975427,"SP(0.5)"
"58",1.60814577014152,"SP(0.5)"
"59",1.67246816370045,"SP(0.5)"
"60",1.68409191370762,"SP(0.5)"
"61",1.5636918278033,"SP(0.5)"
"62",1.37618505982562,"SP(0.5)"
"63",1.90525230443885,"SP(0.5)"
"64",1.61220680604587,"SP(0.5)"
"65",1.46395044341118,"SP(0.5)"
"66",1.56497218105797,"SP(0.5)"
"67",1.49927393894653,"SP(0.5)"
"68",1.78793000994458,"SP(0.5)"
"69",1.64076545488021,"SP(0.5)"
"70",1.61843143500629,"SP(0.5)"
"71",1.72155453166622,"SP(0.5)"
"72",1.41465874075228,"SP(0.5)"
"73",1.33417469949503,"SP(0.5)"
"74",2.42834799720459,"SP(0.5)"
"75",1.67519460595771,"SP(0.5)"
"76",1.72696230125412,"SP(0.5)"
"77",1.60901584640535,"SP(0.5)"
"78",1.55055177782607,"SP(0.5)"
"79",1.6926112446094,"SP(0.5)"
"80",1.84470223507871,"SP(0.5)"
"81",1.41478001824817,"SP(0.5)"
"82",1.34041367601694,"SP(0.5)"
"83",1.72600497672352,"SP(0.5)"
"84",1.62006542312767,"SP(0.5)"
"85",1.49327392598664,"SP(0.5)"
"86",1.66192223351097,"SP(0.5)"
"87",1.8830441321213,"SP(0.5)"
"88",1.50842429779579,"SP(0.5)"
"89",1.28909156764753,"SP(0.5)"
"90",1.58731668763339,"SP(0.5)"
"91",1.89567707911126,"SP(0.5)"
"92",1.35829756549632,"SP(0.5)"
"93",1.66276471302107,"SP(0.5)"
"94",1.6475294936203,"SP(0.5)"
"95",1.50139590413675,"SP(0.5)"
"96",1.43841585954415,"SP(0.5)"
"97",1.56918825980335,"SP(0.5)"
"98",1.21925549122696,"SP(0.5)"
"99",1.52243915536431,"SP(0.5)"
"100",1.9528956866399,"SP(0.5)"
"101",1.74143631374152,"Rand(0.5)"
"102",1.43903206562958,"Rand(0.5)"
"103",1.62584762384469,"Rand(0.5)"
"104",1.76984919321038,"Rand(0.5)"
"105",1.60277830611504,"Rand(0.5)"
"106",1.89948315136883,"Rand(0.5)"
"107",2.27772404969449,"Rand(0.5)"
"108",1.56662519789363,"Rand(0.5)"
"109",1.6058117515844,"Rand(0.5)"
"110",1.71453000172925,"Rand(0.5)"
"111",1.95287959374209,"Rand(0.5)"
"112",1.31164344110029,"Rand(0.5)"
"113",1.63335878367144,"Rand(0.5)"
"114",1.44201089630587,"Rand(0.5)"
"115",1.72160730681759,"Rand(0.5)"
"116",1.21304905201525,"Rand(0.5)"
"117",1.53572075875024,"Rand(0.5)"
"118",1.47630455244128,"Rand(0.5)"
"119",2.00195563293552,"Rand(0.5)"
"120",1.80091085401228,"Rand(0.5)"
"121",1.57739919297828,"Rand(0.5)"
"122",1.91043223048798,"Rand(0.5)"
"123",1.59555068046466,"Rand(0.5)"
"124",1.80330969765926,"Rand(0.5)"
"125",1.85901054981239,"Rand(0.5)"
"126",1.40196988759918,"Rand(0.5)"
"127",1.65736509278856,"Rand(0.5)"
"128",2.24077999836382,"Rand(0.5)"
"129",1.6094462848036,"Rand(0.5)"
"130",1.77869752312718,"Rand(0.5)"
"131",1.63863144505973,"Rand(0.5)"
"132",1.44064218435221,"Rand(0.5)"
"133",1.73622946693951,"Rand(0.5)"
"134",1.37967128410784,"Rand(0.5)"
"135",1.41285014990466,"Rand(0.5)"
"136",1.43044836530515,"Rand(0.5)"
"137",1.52303057973404,"Rand(0.5)"
"138",2.06841238759026,"Rand(0.5)"
"139",1.33578541516028,"Rand(0.5)"
"140",1.71010788760527,"Rand(0.5)"
"141",1.54127828628491,"Rand(0.5)"
"142",2.00564032475372,"Rand(0.5)"
"143",1.4710393971769,"Rand(0.5)"
"144",1.92857429108614,"Rand(0.5)"
"145",1.39004169492945,"Rand(0.5)"
"146",1.86523555874322,"Rand(0.5)"
"147",1.62453544873495,"Rand(0.5)"
"148",1.67915946249619,"Rand(0.5)"
"149",1.37598907901328,"Rand(0.5)"
"150",1.58883673734746,"Rand(0.5)"
"151",1.68360226843418,"Rand(0.5)"
"152",1.88228272127473,"Rand(0.5)"
"153",1.64167294509737,"Rand(0.5)"
"154",1.57867399990312,"Rand(0.5)"
"155",1.85532860726076,"Rand(0.5)"
"156",1.65110314496477,"Rand(0.5)"
"157",1.75948675065589,"Rand(0.5)"
"158",1.7034728410904,"Rand(0.5)"
"159",1.73133362367447,"Rand(0.5)"
"160",1.79526705219232,"Rand(0.5)"
"161",1.78346444614869,"Rand(0.5)"
"162",1.53503290713118,"Rand(0.5)"
"163",1.91390175883002,"Rand(0.5)"
"164",1.8490401558586,"Rand(0.5)"
"165",1.56723767263945,"Rand(0.5)"
"166",1.63342502633995,"Rand(0.5)"
"167",1.57872020076051,"Rand(0.5)"
"168",1.96255104727416,"Rand(0.5)"
"169",1.636955059533,"Rand(0.5)"
"170",1.68506208053798,"Rand(0.5)"
"171",1.5359097592861,"Rand(0.5)"
"172",1.35029100105211,"Rand(0.5)"
"173",1.51426977344776,"Rand(0.5)"
"174",2.46573626375066,"Rand(0.5)"
"175",1.87715800560983,"Rand(0.5)"
"176",1.86427342023115,"Rand(0.5)"
"177",1.81772883104982,"Rand(0.5)"
"178",1.53806042929726,"Rand(0.5)"
"179",2.00578874276158,"Rand(0.5)"
"180",2.05416749170393,"Rand(0.5)"
"181",1.60000976704944,"Rand(0.5)"
"182",1.37754362979183,"Rand(0.5)"
"183",1.50338414725728,"Rand(0.5)"
"184",1.62192175917512,"Rand(0.5)"
"185",1.62574551664651,"Rand(0.5)"
"186",1.60062434915284,"Rand(0.5)"
"187",2.00409939664419,"Rand(0.5)"
"188",1.63571275292441,"Rand(0.5)"
"189",1.3566177408787,"Rand(0.5)"
"190",1.71922620103803,"Rand(0.5)"
"191",2.21010912158027,"Rand(0.5)"
"192",1.50391544326621,"Rand(0.5)"
"193",1.72442937818253,"Rand(0.5)"
"194",1.820980427399,"Rand(0.5)"
"195",1.53818812716583,"Rand(0.5)"
"196",1.47436009816754,"Rand(0.5)"
"197",1.66979283982128,"Rand(0.5)"
"198",1.27648090653445,"Rand(0.5)"
"199",1.74574302159177,"Rand(0.5)"
"200",1.85902531754826,"Rand(0.5)"
"201",2.53497149030735,"SP(1.0)"
"202",1.62435281163042,"SP(1.0)"
"203",2.04977568839891,"SP(1.0)"
"204",2.39086480954459,"SP(1.0)"
"205",2.26957481374387,"SP(1.0)"
"206",2.51622355704693,"SP(1.0)"
"207",3.49664291846539,"SP(1.0)"
"208",1.96168760463538,"SP(1.0)"
"209",1.91116751845374,"SP(1.0)"
"210",2.33272262756022,"SP(1.0)"
"211",2.91676141511295,"SP(1.0)"
"212",1.44733272503833,"SP(1.0)"
"213",2.07251623482473,"SP(1.0)"
"214",1.66164578897204,"SP(1.0)"
"215",2.17283818117173,"SP(1.0)"
"216",1.29899800827682,"SP(1.0)"
"217",2.10448934187088,"SP(1.0)"
"218",1.70816672238477,"SP(1.0)"
"219",2.92145474996612,"SP(1.0)"
"220",2.62244377881596,"SP(1.0)"
"221",2.2624636122906,"SP(1.0)"
"222",3.00260996179524,"SP(1.0)"
"223",1.94726950109766,"SP(1.0)"
"224",2.12677731890964,"SP(1.0)"
"225",2.18698257902628,"SP(1.0)"
"226",1.68461135365882,"SP(1.0)"
"227",2.30501376769523,"SP(1.0)"
"228",2.61128481610234,"SP(1.0)"
"229",2.10797187973888,"SP(1.0)"
"230",2.27283419236405,"SP(1.0)"
"231",2.09284737989446,"SP(1.0)"
"232",1.75583075400479,"SP(1.0)"
"233",2.24968447844556,"SP(1.0)"
"234",1.64029160908937,"SP(1.0)"
"235",1.82064821675978,"SP(1.0)"
"236",1.59134264287938,"SP(1.0)"
"237",1.67708408631493,"SP(1.0)"
"238",3.01961505515251,"SP(1.0)"
"239",1.80660072462182,"SP(1.0)"
"240",2.07044389485708,"SP(1.0)"
"241",2.05104321675435,"SP(1.0)"
"242",2.86686012180362,"SP(1.0)"
"243",1.83495695835304,"SP(1.0)"
"244",3.15271077615237,"SP(1.0)"
"245",1.71328054302166,"SP(1.0)"
"246",2.67471810172434,"SP(1.0)"
"247",2.12683062395154,"SP(1.0)"
"248",1.99368796643309,"SP(1.0)"
"249",1.75917981359029,"SP(1.0)"
"250",1.87804865379151,"SP(1.0)"
"251",2.24739578080446,"SP(1.0)"
"252",2.84301214645169,"SP(1.0)"
"253",2.07990296762176,"SP(1.0)"
"254",2.09720162902041,"SP(1.0)"
"255",2.11916892268219,"SP(1.0)"
"256",2.35179608282387,"SP(1.0)"
"257",2.15955679481351,"SP(1.0)"
"258",2.26539736968309,"SP(1.0)"
"259",2.19739474041734,"SP(1.0)"
"260",2.46938634191311,"SP(1.0)"
"261",2.03727468160197,"SP(1.0)"
"262",1.70867662951254,"SP(1.0)"
"263",3.14606329141332,"SP(1.0)"
"264",2.24386436388507,"SP(1.0)"
"265",1.92244026136083,"SP(1.0)"
"266",2.23502948070472,"SP(1.0)"
"267",1.95146376801654,"SP(1.0)"
"268",2.82210512007589,"SP(1.0)"
"269",2.44031727606444,"SP(1.0)"
"270",2.60966592658005,"SP(1.0)"
"271",2.31468817773958,"SP(1.0)"
"272",1.81788278541609,"SP(1.0)"
"273",1.64093789475473,"SP(1.0)"
"274",4.27926266477426,"SP(1.0)"
"275",2.4108083859467,"SP(1.0)"
"276",2.46468764264132,"SP(1.0)"
"277",2.43849039714902,"SP(1.0)"
"278",2.13831793111304,"SP(1.0)"
"279",2.65029796050633,"SP(1.0)"
"280",3.20066360305044,"SP(1.0)"
"281",1.77981944174741,"SP(1.0)"
"282",1.60998302229852,"SP(1.0)"
"283",2.32228293909672,"SP(1.0)"
"284",2.03146007659227,"SP(1.0)"
"285",2.00971768740152,"SP(1.0)"
"286",1.9927557515112,"SP(1.0)"
"287",3.12330088819116,"SP(1.0)"
"288",2.00292694737424,"SP(1.0)"
"289",1.63576910173974,"SP(1.0)"
"290",2.22379810586022,"SP(1.0)"
"291",2.89664425518186,"SP(1.0)"
"292",1.87556880521504,"SP(1.0)"
"293",2.4081481366243,"SP(1.0)"
"294",1.99005871082617,"SP(1.0)"
"295",1.91527600381583,"SP(1.0)"
"296",1.85627052185975,"SP(1.0)"
"297",1.97340548317661,"SP(1.0)"
"298",1.48777790809232,"SP(1.0)"
"299",2.40719467591225,"SP(1.0)"
"300",3.1242919654891,"SP(1.0)"
"301",2.5472699815489,"Rand(1.0)"
"302",1.67012189530944,"Rand(1.0)"
"303",2.14542465532121,"Rand(1.0)"
"304",2.42544060600104,"Rand(1.0)"
"305",2.3165335575886,"Rand(1.0)"
"306",2.57846250533859,"Rand(1.0)"
"307",3.75520267034904,"Rand(1.0)"
"308",1.94116132913434,"Rand(1.0)"
"309",2.0381860876283,"Rand(1.0)"
"310",2.29992999841583,"Rand(1.0)"
"311",3.11587113972438,"Rand(1.0)"
"312",1.50112751135395,"Rand(1.0)"
"313",2.02835842080503,"Rand(1.0)"
"314",1.7353955923297,"Rand(1.0)"
"315",2.25505556379825,"Rand(1.0)"
"316",1.34104813929459,"Rand(1.0)"
"317",2.19489487922552,"Rand(1.0)"
"318",1.67075098012103,"Rand(1.0)"
"319",3.05993841253697,"Rand(1.0)"
"320",2.55580113989342,"Rand(1.0)"
"321",2.37565182751982,"Rand(1.0)"
"322",3.148182043477,"Rand(1.0)"
"323",1.91399427898358,"Rand(1.0)"
"324",2.12316033797129,"Rand(1.0)"
"325",2.32576731744655,"Rand(1.0)"
"326",1.7495522147143,"Rand(1.0)"
"327",2.34333581016052,"Rand(1.0)"
"328",2.78705361545379,"Rand(1.0)"
"329",2.14658391454505,"Rand(1.0)"
"330",2.33889916467251,"Rand(1.0)"
"331",2.20517703813957,"Rand(1.0)"
"332",1.75992747720382,"Rand(1.0)"
"333",2.39993326193603,"Rand(1.0)"
"334",1.62024861198022,"Rand(1.0)"
"335",1.81857980489775,"Rand(1.0)"
"336",1.58745135040359,"Rand(1.0)"
"337",1.80372577767401,"Rand(1.0)"
"338",3.04300334095115,"Rand(1.0)"
"339",1.7717344972861,"Rand(1.0)"
"340",2.11266194812382,"Rand(1.0)"
"341",2.08875054786616,"Rand(1.0)"
"342",3.06450848071045,"Rand(1.0)"
"343",1.80154487166416,"Rand(1.0)"
"344",2.99091299870986,"Rand(1.0)"
"345",1.75473559679979,"Rand(1.0)"
"346",2.84965186090905,"Rand(1.0)"
"347",2.20324010420887,"Rand(1.0)"
"348",2.0482517895442,"Rand(1.0)"
"349",1.74008807815391,"Rand(1.0)"
"350",1.99290255753002,"Rand(1.0)"
"351",2.23633059647922,"Rand(1.0)"
"352",2.91940906505906,"Rand(1.0)"
"353",1.99145320121125,"Rand(1.0)"
"354",2.08193065635633,"Rand(1.0)"
"355",2.20341743337311,"Rand(1.0)"
"356",2.37050631142449,"Rand(1.0)"
"357",2.25225140655007,"Rand(1.0)"
"358",2.33647543246988,"Rand(1.0)"
"359",2.2440293733542,"Rand(1.0)"
"360",2.49030107499892,"Rand(1.0)"
"361",2.07269905797892,"Rand(1.0)"
"362",1.7358252426959,"Rand(1.0)"
"363",2.92625907284363,"Rand(1.0)"
"364",2.39614851563245,"Rand(1.0)"
"365",2.01629768463447,"Rand(1.0)"
"366",2.21417627855511,"Rand(1.0)"
"367",1.99236501222944,"Rand(1.0)"
"368",2.82433687768272,"Rand(1.0)"
"369",2.46789743210561,"Rand(1.0)"
"370",2.70551441510016,"Rand(1.0)"
"371",2.14303463165034,"Rand(1.0)"
"372",1.82031224993277,"Rand(1.0)"
"373",1.69652168757176,"Rand(1.0)"
"374",4.00654464099754,"Rand(1.0)"
"375",2.55566404236812,"Rand(1.0)"
"376",2.54069935341032,"Rand(1.0)"
"377",2.57492835716583,"Rand(1.0)"
"378",2.1315595695419,"Rand(1.0)"
"379",2.93701012159879,"Rand(1.0)"
"380",3.16533093072728,"Rand(1.0)"
"381",1.93525155554851,"Rand(1.0)"
"382",1.62694458789056,"Rand(1.0)"
"383",2.12253445626434,"Rand(1.0)"
"384",1.96675480081508,"Rand(1.0)"
"385",2.04018219180183,"Rand(1.0)"
"386",1.92064105446123,"Rand(1.0)"
"387",3.23124393716972,"Rand(1.0)"
"388",2.06653938842939,"Rand(1.0)"
"389",1.65554241122253,"Rand(1.0)"
"390",2.28975005805564,"Rand(1.0)"
"391",3.01915803672563,"Rand(1.0)"
"392",2.0006495079294,"Rand(1.0)"
"393",2.42424798122898,"Rand(1.0)"
"394",2.10729298226762,"Rand(1.0)"
"395",1.92574587680661,"Rand(1.0)"
"396",1.84443956810952,"Rand(1.0)"
"397",2.01335054288586,"Rand(1.0)"
"398",1.52664864018389,"Rand(1.0)"
"399",2.61259495192415,"Rand(1.0)"
"400",2.95863166428119,"Rand(1.0)"
"401",2.92260025378159,"SP(1.5)"
"402",1.59873121304382,"SP(1.5)"
"403",2.80729657435744,"SP(1.5)"
"404",3.31301941986899,"SP(1.5)"
"405",2.86815624501989,"SP(1.5)"
"406",2.90041664776463,"SP(1.5)"
"407",4.2517425071954,"SP(1.5)"
"408",2.65479308781178,"SP(1.5)"
"409",2.1291548008534,"SP(1.5)"
"410",2.36757232222516,"SP(1.5)"
"411",4.03087954685822,"SP(1.5)"
"412",1.8586654370333,"SP(1.5)"
"413",2.06187788333677,"SP(1.5)"
"414",1.8703060651461,"SP(1.5)"
"415",2.8898129171523,"SP(1.5)"
"416",1.52248382596511,"SP(1.5)"
"417",2.88810338428876,"SP(1.5)"
"418",1.68207072865936,"SP(1.5)"
"419",4.59602277465796,"SP(1.5)"
"420",3.19939831154721,"SP(1.5)"
"421",3.4393653608471,"SP(1.5)"
"422",4.13705141545355,"SP(1.5)"
"423",2.1845303693828,"SP(1.5)"
"424",2.42941846066238,"SP(1.5)"
"425",2.46851274568871,"SP(1.5)"
"426",2.03054570413697,"SP(1.5)"
"427",2.59790252669037,"SP(1.5)"
"428",3.01744632316541,"SP(1.5)"
"429",2.65094611174593,"SP(1.5)"
"430",2.66574271237805,"SP(1.5)"
"431",2.67942237299871,"SP(1.5)"
"432",2.03318885661858,"SP(1.5)"
"433",3.19186194686915,"SP(1.5)"
"434",1.79399725064005,"SP(1.5)"
"435",1.8316565534714,"SP(1.5)"
"436",1.90911272287951,"SP(1.5)"
"437",2.15074700642896,"SP(1.5)"
"438",3.63286237872019,"SP(1.5)"
"439",2.35098725435686,"SP(1.5)"
"440",2.20028647298187,"SP(1.5)"
"441",2.47407093483469,"SP(1.5)"
"442",4.37416510355363,"SP(1.5)"
"443",2.11844511864312,"SP(1.5)"
"444",3.31691557561758,"SP(1.5)"
"445",2.14436730192408,"SP(1.5)"
"446",4.3286979701712,"SP(1.5)"
"447",2.47404027298226,"SP(1.5)"
"448",2.29067223807639,"SP(1.5)"
"449",2.19732818583466,"SP(1.5)"
"450",2.39084755196176,"SP(1.5)"
"451",2.6277403582884,"SP(1.5)"
"452",4.29566521366413,"SP(1.5)"
"453",2.10308198437931,"SP(1.5)"
"454",2.77157873128319,"SP(1.5)"
"455",2.33112386420785,"SP(1.5)"
"456",3.75852615189472,"SP(1.5)"
"457",2.86264907672729,"SP(1.5)"
"458",2.74610183453281,"SP(1.5)"
"459",2.87859427652263,"SP(1.5)"
"460",2.51525577907418,"SP(1.5)"
"461",2.77528255539955,"SP(1.5)"
"462",1.8020079544605,"SP(1.5)"
"463",3.6077119174016,"SP(1.5)"
"464",2.92379867760427,"SP(1.5)"
"465",2.22895011094963,"SP(1.5)"
"466",2.8365934867869,"SP(1.5)"
"467",2.32634977709054,"SP(1.5)"
"468",3.25648330348267,"SP(1.5)"
"469",3.99055389606077,"SP(1.5)"
"470",4.80372341980736,"SP(1.5)"
"471",2.59378468591495,"SP(1.5)"
"472",2.59236524742099,"SP(1.5)"
"473",1.92378453662261,"SP(1.5)"
"474",4.21056117482925,"SP(1.5)"
"475",2.87197193555584,"SP(1.5)"
"476",3.40064583269339,"SP(1.5)"
"477",3.3364767887476,"SP(1.5)"
"478",2.62847608705557,"SP(1.5)"
"479",4.78854749505019,"SP(1.5)"
"480",4.59401723977504,"SP(1.5)"
"481",2.17104071339012,"SP(1.5)"
"482",1.82305638237875,"SP(1.5)"
"483",2.7212672474953,"SP(1.5)"
"484",2.26233085111325,"SP(1.5)"
"485",2.33529004561729,"SP(1.5)"
"486",1.92925782637007,"SP(1.5)"
"487",4.46119342744402,"SP(1.5)"
"488",2.386981632093,"SP(1.5)"
"489",2.16082628717333,"SP(1.5)"
"490",2.80611071249828,"SP(1.5)"
"491",3.99939124668487,"SP(1.5)"
"492",2.80486416408573,"SP(1.5)"
"493",2.83880060548442,"SP(1.5)"
"494",2.22343146724864,"SP(1.5)"
"495",2.05971565193517,"SP(1.5)"
"496",2.43960979419357,"SP(1.5)"
"497",2.42707881507024,"SP(1.5)"
"498",1.78588322642939,"SP(1.5)"
"499",4.03578061674269,"SP(1.5)"
"500",4.0139208143511,"SP(1.5)"
"501",2.90600180753501,"Rand(1.5)"
"502",1.61764767368796,"Rand(1.5)"
"503",2.82112486513452,"Rand(1.5)"
"504",3.33299379541928,"Rand(1.5)"
"505",2.89760770984287,"Rand(1.5)"
"506",2.9662591705629,"Rand(1.5)"
"507",4.32610973585334,"Rand(1.5)"
"508",2.63731933629888,"Rand(1.5)"
"509",2.18842155006497,"Rand(1.5)"
"510",2.35316258621764,"Rand(1.5)"
"511",4.0444532481416,"Rand(1.5)"
"512",1.89190877379559,"Rand(1.5)"
"513",2.05371717924983,"Rand(1.5)"
"514",1.92711422718768,"Rand(1.5)"
"515",2.91391928878812,"Rand(1.5)"
"516",1.55696069458595,"Rand(1.5)"
"517",2.97831751691671,"Rand(1.5)"
"518",1.67119693012584,"Rand(1.5)"
"519",4.70758301398118,"Rand(1.5)"
"520",3.19119497692655,"Rand(1.5)"
"521",3.47297336040056,"Rand(1.5)"
"522",4.11383902309473,"Rand(1.5)"
"523",2.18747599651324,"Rand(1.5)"
"524",2.40074084973396,"Rand(1.5)"
"525",2.46957769835642,"Rand(1.5)"
"526",2.05036621687753,"Rand(1.5)"
"527",2.60521675057337,"Rand(1.5)"
"528",3.03652707953478,"Rand(1.5)"
"529",2.65189336443302,"Rand(1.5)"
"530",2.68451155272138,"Rand(1.5)"
"531",2.71428327908447,"Rand(1.5)"
"532",2.03957870110975,"Rand(1.5)"
"533",3.2886295203708,"Rand(1.5)"
"534",1.79763142527682,"Rand(1.5)"
"535",1.83034851230444,"Rand(1.5)"
"536",1.9396106695615,"Rand(1.5)"
"537",2.20526333916175,"Rand(1.5)"
"538",3.64779907506447,"Rand(1.5)"
"539",2.34941502053222,"Rand(1.5)"
"540",2.230613899321,"Rand(1.5)"
"541",2.52954271335144,"Rand(1.5)"
"542",4.51838399107568,"Rand(1.5)"
"543",2.10779652267988,"Rand(1.5)"
"544",3.2243258605332,"Rand(1.5)"
"545",2.16122353800067,"Rand(1.5)"
"546",4.30389091261025,"Rand(1.5)"
"547",2.51535045026187,"Rand(1.5)"
"548",2.30161747073568,"Rand(1.5)"
"549",2.1832754261025,"Rand(1.5)"
"550",2.42971365042029,"Rand(1.5)"
"551",2.64833205942829,"Rand(1.5)"
"552",4.30000121164834,"Rand(1.5)"
"553",2.08914279468992,"Rand(1.5)"
"554",2.79617180785592,"Rand(1.5)"
"555",2.37245263044278,"Rand(1.5)"
"556",3.78429608852586,"Rand(1.5)"
"557",2.93811888526013,"Rand(1.5)"
"558",2.79300462097029,"Rand(1.5)"
"559",2.93495329972146,"Rand(1.5)"
"560",2.53677249649404,"Rand(1.5)"
"561",2.76212910716863,"Rand(1.5)"
"562",1.79344265585657,"Rand(1.5)"
"563",3.4304687706464,"Rand(1.5)"
"564",2.98274043546902,"Rand(1.5)"
"565",2.28292139326151,"Rand(1.5)"
"566",2.81388145660958,"Rand(1.5)"
"567",2.37107412005918,"Rand(1.5)"
"568",3.25354915617704,"Rand(1.5)"
"569",4.03798812427102,"Rand(1.5)"
"570",4.95360575113208,"Rand(1.5)"
"571",2.55683520495147,"Rand(1.5)"
"572",2.60826039669642,"Rand(1.5)"
"573",1.94572685010045,"Rand(1.5)"
"574",4.13770837886771,"Rand(1.5)"
"575",2.89828522489557,"Rand(1.5)"
"576",3.41177863163235,"Rand(1.5)"
"577",3.36544372160016,"Rand(1.5)"
"578",2.63332726114549,"Rand(1.5)"
"579",5.07232465252396,"Rand(1.5)"
"580",4.42183280258171,"Rand(1.5)"
"581",2.24022618735319,"Rand(1.5)"
"582",1.83059431395611,"Rand(1.5)"
"583",2.64416723489833,"Rand(1.5)"
"584",2.24550602620614,"Rand(1.5)"
"585",2.33081197372621,"Rand(1.5)"
"586",1.93460658523285,"Rand(1.5)"
"587",4.49195931322493,"Rand(1.5)"
"588",2.4422655739193,"Rand(1.5)"
"589",2.18577350455186,"Rand(1.5)"
"590",2.81885427845786,"Rand(1.5)"
"591",4.05840520064797,"Rand(1.5)"
"592",2.9096386472743,"Rand(1.5)"
"593",2.83845865259421,"Rand(1.5)"
"594",2.30080530904178,"Rand(1.5)"
"595",2.06221063166479,"Rand(1.5)"
"596",2.42370819320617,"Rand(1.5)"
"597",2.44191406637902,"Rand(1.5)"
"598",1.81269704997238,"Rand(1.5)"
"599",4.18193544190798,"Rand(1.5)"
"600",3.93538147115379,"Rand(1.5)"
"601",3.40091540372831,"SP(2.0)"
"602",6.53393884889792,"SP(2.0)"
"603",3.0479817292551,"SP(2.0)"
"604",2.82513504706587,"SP(2.0)"
"605",3.29427872821347,"SP(2.0)"
"606",3.14447691766064,"SP(2.0)"
"607",3.2003132663864,"SP(2.0)"
"608",2.94914071042582,"SP(2.0)"
"609",4.1216255290281,"SP(2.0)"
"610",3.80954714411622,"SP(2.0)"
"611",2.99274749401326,"SP(2.0)"
"612",3.70820908098928,"SP(2.0)"
"613",4.67558776169808,"SP(2.0)"
"614",4.18400772586463,"SP(2.0)"
"615",2.88419953708553,"SP(2.0)"
"616",4.71095557229758,"SP(2.0)"
"617",3.19405551883438,"SP(2.0)"
"618",5.01527846124793,"SP(2.0)"
"619",2.81368514477865,"SP(2.0)"
"620",2.90822606489053,"SP(2.0)"
"621",2.97151617522436,"SP(2.0)"
"622",3.02422898064768,"SP(2.0)"
"623",3.44194483275548,"SP(2.0)"
"624",3.61431177255573,"SP(2.0)"
"625",3.76069274460298,"SP(2.0)"
"626",3.48788888388633,"SP(2.0)"
"627",3.74170496317857,"SP(2.0)"
"628",2.93680995591927,"SP(2.0)"
"629",3.08445174008222,"SP(2.0)"
"630",3.55597117300358,"SP(2.0)"
"631",3.39934401823927,"SP(2.0)"
"632",3.89566301685901,"SP(2.0)"
"633",2.97132397868005,"SP(2.0)"
"634",3.84864542847882,"SP(2.0)"
"635",6.2150007819923,"SP(2.0)"
"636",3.2180448770181,"SP(2.0)"
"637",3.52697294686247,"SP(2.0)"
"638",3.13875851117767,"SP(2.0)"
"639",3.22078927593036,"SP(2.0)"
"640",4.68517909534577,"SP(2.0)"
"641",3.42279651714576,"SP(2.0)"
"642",2.57507930356318,"SP(2.0)"
"643",3.29392148734134,"SP(2.0)"
"644",3.72282149107977,"SP(2.0)"
"645",3.79852348404904,"SP(2.0)"
"646",2.81158333779848,"SP(2.0)"
"647",3.42395065790516,"SP(2.0)"
"648",3.44297602124111,"SP(2.0)"
"649",3.5808309513889,"SP(2.0)"
"650",3.36647200126706,"SP(2.0)"
"651",3.45192728269574,"SP(2.0)"
"652",2.87828940409234,"SP(2.0)"
"653",4.0005680514411,"SP(2.0)"
"654",3.07582845877023,"SP(2.0)"
"655",3.42240829483029,"SP(2.0)"
"656",2.42647305163823,"SP(2.0)"
"657",3.14835577530489,"SP(2.0)"
"658",3.05320286434498,"SP(2.0)"
"659",2.73524779051854,"SP(2.0)"
"660",3.54359320319214,"SP(2.0)"
"661",2.97714093759181,"SP(2.0)"
"662",4.23200510633158,"SP(2.0)"
"663",3.17744452196543,"SP(2.0)"
"664",3.10987620448679,"SP(2.0)"
"665",3.46905306057882,"SP(2.0)"
"666",3.26461759553402,"SP(2.0)"
"667",3.0664788596267,"SP(2.0)"
"668",3.30792132058263,"SP(2.0)"
"669",2.53130401269405,"SP(2.0)"
"670",2.63569822171536,"SP(2.0)"
"671",3.64550934872431,"SP(2.0)"
"672",3.07947394516813,"SP(2.0)"
"673",4.34966653594373,"SP(2.0)"
"674",3.39826291145388,"SP(2.0)"
"675",3.22608346560542,"SP(2.0)"
"676",2.72141184809519,"SP(2.0)"
"677",3.21845882507883,"SP(2.0)"
"678",3.28702875188922,"SP(2.0)"
"679",2.3382637642543,"SP(2.0)"
"680",2.7475283561245,"SP(2.0)"
"681",3.36591446296926,"SP(2.0)"
"682",3.94069405327314,"SP(2.0)"
"683",3.56107313686243,"SP(2.0)"
"684",3.71651598348711,"SP(2.0)"
"685",3.29563090231417,"SP(2.0)"
"686",5.16873475665282,"SP(2.0)"
"687",2.64423743734349,"SP(2.0)"
"688",3.36276096467371,"SP(2.0)"
"689",4.00518173460095,"SP(2.0)"
"690",3.11623160393006,"SP(2.0)"
"691",2.65924024491667,"SP(2.0)"
"692",2.86115356878777,"SP(2.0)"
"693",3.39981004444045,"SP(2.0)"
"694",4.06497161674935,"SP(2.0)"
"695",4.44273225865896,"SP(2.0)"
"696",3.28592500691253,"SP(2.0)"
"697",3.38272894143994,"SP(2.0)"
"698",3.93481147606028,"SP(2.0)"
"699",2.50260108378822,"SP(2.0)"
"700",3.20676314513267,"SP(2.0)"
"701",5.41421804826377,"SP(3.0)"
"702",13.7267997876952,"SP(3.0)"
"703",4.01080843202311,"SP(3.0)"
"704",3.11392778338396,"SP(3.0)"
"705",6.94881214979465,"SP(3.0)"
"706",4.65451192978491,"SP(3.0)"
"707",7.62683669043217,"SP(3.0)"
"708",4.12264567587043,"SP(3.0)"
"709",5.31865475222159,"SP(3.0)"
"710",3.8735264024233,"SP(3.0)"
"711",5.26614967360068,"SP(3.0)"
"712",4.9425631982735,"SP(3.0)"
"713",6.29695851564105,"SP(3.0)"
"714",5.39087498245156,"SP(3.0)"
"715",2.99989775128212,"SP(3.0)"
"716",4.79813848998571,"SP(3.0)"
"717",4.82440821696856,"SP(3.0)"
"718",4.58122526826218,"SP(3.0)"
"719",4.16602020467672,"SP(3.0)"
"720",3.39266161361672,"SP(3.0)"
"721",4.08470850832791,"SP(3.0)"
"722",5.98814863356741,"SP(3.0)"
"723",4.3016525086953,"SP(3.0)"
"724",5.51339745818404,"SP(3.0)"
"725",4.39416242236112,"SP(3.0)"
"726",3.1957998728808,"SP(3.0)"
"727",5.49928939996547,"SP(3.0)"
"728",4.49539735767812,"SP(3.0)"
"729",3.40378620351443,"SP(3.0)"
"730",10.2674485873286,"SP(3.0)"
"731",4.31962567345046,"SP(3.0)"
"732",7.93108381538024,"SP(3.0)"
"733",4.67409388943692,"SP(3.0)"
"734",3.55526276940195,"SP(3.0)"
"735",14.8022058303298,"SP(3.0)"
"736",3.1766283788132,"SP(3.0)"
"737",4.33192325035381,"SP(3.0)"
"738",5.23786334075754,"SP(3.0)"
"739",3.71145605571084,"SP(3.0)"
"740",11.1659092383249,"SP(3.0)"
"741",4.73293647934297,"SP(3.0)"
"742",3.45968492445955,"SP(3.0)"
"743",3.2845710607803,"SP(3.0)"
"744",10.7909108185183,"SP(3.0)"
"745",10.2668269044047,"SP(3.0)"
"746",5.16722447632071,"SP(3.0)"
"747",4.39673583556867,"SP(3.0)"
"748",3.74924024232664,"SP(3.0)"
"749",3.27092425718981,"SP(3.0)"
"750",5.36877328693672,"SP(3.0)"
"751",3.97165595135871,"SP(3.0)"
"752",4.95991237872284,"SP(3.0)"
"753",3.98087079411203,"SP(3.0)"
"754",5.10547692124179,"SP(3.0)"
"755",4.41007203674407,"SP(3.0)"
"756",2.74251182763327,"SP(3.0)"
"757",5.30959597417815,"SP(3.0)"
"758",4.82202476432461,"SP(3.0)"
"759",3.30929182053673,"SP(3.0)"
"760",4.93665735535452,"SP(3.0)"
"761",4.04490484788655,"SP(3.0)"
"762",5.27492420647775,"SP(3.0)"
"763",5.148713826042,"SP(3.0)"
"764",5.76487662272041,"SP(3.0)"
"765",3.40086751460911,"SP(3.0)"
"766",4.33868683969005,"SP(3.0)"
"767",3.16379099327895,"SP(3.0)"
"768",6.88141886470073,"SP(3.0)"
"769",3.06593056923988,"SP(3.0)"
"770",3.89372518700798,"SP(3.0)"
"771",5.59151712224835,"SP(3.0)"
"772",4.28106326665264,"SP(3.0)"
"773",10.0681883756867,"SP(3.0)"
"774",10.679891409976,"SP(3.0)"
"775",3.85875665169533,"SP(3.0)"
"776",3.56906624493087,"SP(3.0)"
"777",6.77005233817507,"SP(3.0)"
"778",4.23617431714981,"SP(3.0)"
"779",2.67500997632068,"SP(3.0)"
"780",4.38408153919193,"SP(3.0)"
"781",3.43154911509244,"SP(3.0)"
"782",5.08791541349959,"SP(3.0)"
"783",7.1330009222342,"SP(3.0)"
"784",3.71086029625482,"SP(3.0)"
"785",3.31061851148735,"SP(3.0)"
"786",9.20433978630349,"SP(3.0)"
"787",3.70939230107714,"SP(3.0)"
"788",3.74056225219412,"SP(3.0)"
"789",13.2432970935146,"SP(3.0)"
"790",4.39109043461812,"SP(3.0)"
"791",3.73686285330984,"SP(3.0)"
"792",3.82947746516517,"SP(3.0)"
"793",3.97375872548068,"SP(3.0)"
"794",9.87699594153091,"SP(3.0)"
"795",5.92315195455112,"SP(3.0)"
"796",4.69265496878204,"SP(3.0)"
"797",6.40950605858862,"SP(3.0)"
"798",3.74259320371026,"SP(3.0)"
"799",2.70487841818797,"SP(3.0)"
"800",6.93177733457357,"SP(3.0)"
"801",3.39733468219563,"Rand(2.0)"
"802",6.48650078692727,"Rand(2.0)"
"803",3.0446334316596,"Rand(2.0)"
"804",2.81699328762916,"Rand(2.0)"
"805",3.28235610115144,"Rand(2.0)"
"806",3.13221528529831,"Rand(2.0)"
"807",3.18967579080056,"Rand(2.0)"
"808",2.94451973104317,"Rand(2.0)"
"809",4.07826876628265,"Rand(2.0)"
"810",3.80487545218545,"Rand(2.0)"
"811",2.99179546814432,"Rand(2.0)"
"812",3.6846516186372,"Rand(2.0)"
"813",4.65210594190582,"Rand(2.0)"
"814",4.13899959517592,"Rand(2.0)"
"815",2.87748031740733,"Rand(2.0)"
"816",4.66057236643691,"Rand(2.0)"
"817",3.17299331550964,"Rand(2.0)"
"818",5.00923101682985,"Rand(2.0)"
"819",2.80503033306993,"Rand(2.0)"
"820",2.90104982502013,"Rand(2.0)"
"821",2.96375755629912,"Rand(2.0)"
"822",3.02623559371881,"Rand(2.0)"
"823",3.43212803529195,"Rand(2.0)"
"824",3.62260063438798,"Rand(2.0)"
"825",3.76003139048606,"Rand(2.0)"
"826",3.47029539195996,"Rand(2.0)"
"827",3.73051181741434,"Rand(2.0)"
"828",2.93358881699289,"Rand(2.0)"
"829",3.08231467455515,"Rand(2.0)"
"830",3.54486773657903,"Rand(2.0)"
"831",3.38721041989628,"Rand(2.0)"
"832",3.87544205552236,"Rand(2.0)"
"833",2.9590383317376,"Rand(2.0)"
"834",3.83859171758235,"Rand(2.0)"
"835",6.2071818852739,"Rand(2.0)"
"836",3.18679111919184,"Rand(2.0)"
"837",3.50892470643284,"Rand(2.0)"
"838",3.12676822103351,"Rand(2.0)"
"839",3.21596979511538,"Rand(2.0)"
"840",4.63204720469495,"Rand(2.0)"
"841",3.39667392556463,"Rand(2.0)"
"842",2.56082287196074,"Rand(2.0)"
"843",3.28392603090297,"Rand(2.0)"
"844",3.72436125865411,"Rand(2.0)"
"845",3.77997328336253,"Rand(2.0)"
"846",2.81466297213853,"Rand(2.0)"
"847",3.40243823711731,"Rand(2.0)"
"848",3.43305732814627,"Rand(2.0)"
"849",3.57746281545899,"Rand(2.0)"
"850",3.35742439412087,"Rand(2.0)"
"851",3.42384215642273,"Rand(2.0)"
"852",2.87528041062942,"Rand(2.0)"
"853",3.99274729466504,"Rand(2.0)"
"854",3.06788781312503,"Rand(2.0)"
"855",3.40452816394641,"Rand(2.0)"
"856",2.4240177668652,"Rand(2.0)"
"857",3.13158497077045,"Rand(2.0)"
"858",3.04015206541683,"Rand(2.0)"
"859",2.72485304229235,"Rand(2.0)"
"860",3.52780710236351,"Rand(2.0)"
"861",2.97905385005276,"Rand(2.0)"
"862",4.22642173304024,"Rand(2.0)"
"863",3.19363235114531,"Rand(2.0)"
"864",3.09398176058966,"Rand(2.0)"
"865",3.43576163039146,"Rand(2.0)"
"866",3.26055681602484,"Rand(2.0)"
"867",3.04940386760776,"Rand(2.0)"
"868",3.30128784225805,"Rand(2.0)"
"869",2.52744430346179,"Rand(2.0)"
"870",2.6219639510324,"Rand(2.0)"
"871",3.64066640384071,"Rand(2.0)"
"872",3.07358611074164,"Rand(2.0)"
"873",4.3225810402656,"Rand(2.0)"
"874",3.38854960948644,"Rand(2.0)"
"875",3.21938022782577,"Rand(2.0)"
"876",2.72014087934357,"Rand(2.0)"
"877",3.21749136417831,"Rand(2.0)"
"878",3.28346892545828,"Rand(2.0)"
"879",2.33223895367351,"Rand(2.0)"
"880",2.75427784735857,"Rand(2.0)"
"881",3.34573593173641,"Rand(2.0)"
"882",3.92675127614142,"Rand(2.0)"
"883",3.56319526005907,"Rand(2.0)"
"884",3.71026366784232,"Rand(2.0)"
"885",3.29288503634887,"Rand(2.0)"
"886",5.14932045144519,"Rand(2.0)"
"887",2.63792794120139,"Rand(2.0)"
"888",3.34434639966687,"Rand(2.0)"
"889",3.98104892314171,"Rand(2.0)"
"890",3.115926471271,"Rand(2.0)"
"891",2.65476449351436,"Rand(2.0)"
"892",2.84442999240255,"Rand(2.0)"
"893",3.39339937455422,"Rand(2.0)"
"894",4.02031727686749,"Rand(2.0)"
"895",4.42506855381182,"Rand(2.0)"
"896",3.28383425100962,"Rand(2.0)"
"897",3.37098288733181,"Rand(2.0)"
"898",3.90903403226983,"Rand(2.0)"
"899",2.49384332687825,"Rand(2.0)"
"900",3.20576500316644,"Rand(2.0)"
"901",5.41257487294889,"Rand(3.0)"
"902",13.7182767306592,"Rand(3.0)"
"903",4.01033106776895,"Rand(3.0)"
"904",3.11270887474597,"Rand(3.0)"
"905",6.94639953922462,"Rand(3.0)"
"906",4.65373921416174,"Rand(3.0)"
"907",7.62259865498884,"Rand(3.0)"
"908",4.11840092291386,"Rand(3.0)"
"909",5.31574904229352,"Rand(3.0)"
"910",3.87314074734329,"Rand(3.0)"
"911",5.26672687947011,"Rand(3.0)"
"912",4.94072493685859,"Rand(3.0)"
"913",6.29420734007542,"Rand(3.0)"
"914",5.38927488212744,"Rand(3.0)"
"915",2.99980624988178,"Rand(3.0)"
"916",4.79677472410054,"Rand(3.0)"
"917",4.82220101062238,"Rand(3.0)"
"918",4.58061706474576,"Rand(3.0)"
"919",4.16496857813878,"Rand(3.0)"
"920",3.39184068952486,"Rand(3.0)"
"921",4.08390150734186,"Rand(3.0)"
"922",5.98790158090467,"Rand(3.0)"
"923",4.30101994044734,"Rand(3.0)"
"924",5.51343974849833,"Rand(3.0)"
"925",4.39355392684814,"Rand(3.0)"
"926",3.19367342151652,"Rand(3.0)"
"927",5.49648226307572,"Rand(3.0)"
"928",4.49525478606725,"Rand(3.0)"
"929",3.4035538197582,"Rand(3.0)"
"930",10.2608007761759,"Rand(3.0)"
"931",4.31840567916984,"Rand(3.0)"
"932",7.9263905365251,"Rand(3.0)"
"933",4.67289695123012,"Rand(3.0)"
"934",3.55516531972205,"Rand(3.0)"
"935",14.7911734390232,"Rand(3.0)"
"936",3.17475762178964,"Rand(3.0)"
"937",4.3313225328087,"Rand(3.0)"
"938",5.23561937580385,"Rand(3.0)"
"939",3.71068563771421,"Rand(3.0)"
"940",11.14685736772,"Rand(3.0)"
"941",4.73019294598925,"Rand(3.0)"
"942",3.45864019317962,"Rand(3.0)"
"943",3.28397391153187,"Rand(3.0)"
"944",10.7842224952059,"Rand(3.0)"
"945",10.2571043581511,"Rand(3.0)"
"946",5.16684275409093,"Rand(3.0)"
"947",4.39525927840793,"Rand(3.0)"
"948",3.74850646778767,"Rand(3.0)"
"949",3.2706697914067,"Rand(3.0)"
"950",5.36752000671805,"Rand(3.0)"
"951",3.96736419918757,"Rand(3.0)"
"952",4.95880453032226,"Rand(3.0)"
"953",3.98022013907561,"Rand(3.0)"
"954",5.10481423424859,"Rand(3.0)"
"955",4.40814517302465,"Rand(3.0)"
"956",2.74239074664851,"Rand(3.0)"
"957",5.30684621668573,"Rand(3.0)"
"958",4.82024893360771,"Rand(3.0)"
"959",3.3089752110279,"Rand(3.0)"
"960",4.93512246547538,"Rand(3.0)"
"961",4.04497020367899,"Rand(3.0)"
"962",5.27045157267041,"Rand(3.0)"
"963",5.1493263282058,"Rand(3.0)"
"964",5.75963421372754,"Rand(3.0)"
"965",3.39885789516917,"Rand(3.0)"
"966",4.3376332827593,"Rand(3.0)"
"967",3.1627472006585,"Rand(3.0)"
"968",6.87802889181257,"Rand(3.0)"
"969",3.06561065485589,"Rand(3.0)"
"970",3.8914999879064,"Rand(3.0)"
"971",5.59054918081686,"Rand(3.0)"
"972",4.28048883632395,"Rand(3.0)"
"973",10.0611699133944,"Rand(3.0)"
"974",10.6648792315953,"Rand(3.0)"
"975",3.85826416834917,"Rand(3.0)"
"976",3.56897649940247,"Rand(3.0)"
"977",6.76732434048204,"Rand(3.0)"
"978",4.23585381168136,"Rand(3.0)"
"979",2.67476333418418,"Rand(3.0)"
"980",4.38401576846005,"Rand(3.0)"
"981",3.43070349329913,"Rand(3.0)"
"982",5.08635650564818,"Rand(3.0)"
"983",7.13085388459831,"Rand(3.0)"
"984",3.70962693322914,"Rand(3.0)"
"985",3.31036205441996,"Rand(3.0)"
"986",9.20201888775036,"Rand(3.0)"
"987",3.70840734587937,"Rand(3.0)"
"988",3.73858710309358,"Rand(3.0)"
"989",13.2285133122346,"Rand(3.0)"
"990",4.39077821536261,"Rand(3.0)"
"991",3.73646733615632,"Rand(3.0)"
"992",3.82743095474301,"Rand(3.0)"
"993",3.97251763362838,"Rand(3.0)"
"994",9.86428674174374,"Rand(3.0)"
"995",5.92034100525194,"Rand(3.0)"
"996",4.69167576393633,"Rand(3.0)"
"997",6.40631849665925,"Rand(3.0)"
"998",3.74134899651727,"Rand(3.0)"
"999",2.70436325958957,"Rand(3.0)"
"1000",6.9286829573102,"Rand(3.0)"
